,Video Titles
0,Real Story of Managing Money on Low Income | Money Matters Ep. 36 | Ankur Warikoo Hindi
1,WARNING: Watch This Before Investing in Any IPO in 2025! | Ankur Warikoo Hindi
2,Converting DEBT to WEALTH | Money Matters Ep. 35 | Ankur Warikoo Hindi
3,The ONLY way to RETIRE on a LOW SALARY! | Ankur Warikoo Hindi
4,Getting OUT of the 0 SAVINGS Situation! | Money Matters Ep. 34 | Ankur Warikoo Hindi
5,"60 Days, 10 MONEY Challenges! | Ankur Warikoo Hindi"
6,From Debt to Financial Freedom: A Mother's Journey | Money Matters Ep. 33 | Ankur Warikoo Hindi
7,Money and relationships! | Money Lessons 2025 | Ankur Warikoo Hindi
8,Early RETIREMENT at 38! | Money Matters Ep. 32 | Ankur Warikoo Hindi
9,"Credit Card TIPS for Rs. 25,000 SALARY!  | Ankur Warikoo Hindi"
10,7 CREDIT CARDS; 10 LAKHS DEBT! | Money Matters Ep. 31 | Ankur Warikoo Hindi
11,Why Is INDIA OBSESSED with iPHONE?! | Ankur Warikoo Hindi
12,10X Wealth GROWTH in 10 YEARS!  | Money Matters Ep. 30 | Ankur Warikoo Hindi
13,The SECRET for Identifying Winning STOCKS | Ankur Warikoo Hindi
14,Start late - RETIRE RICH? | Money Matters Ep. 29 | Ankur Warikoo Hindi
15,DON'T Make These 10 Investing MISTAKES! | Ankur Warikoo Hindi
16,BUYING a ₹2.5Cr HOUSE: A Complete PLAN | Money Matters Ep. 28 | Ankur Warikoo Hindi
17,The EXCEL SHEET for a 6 CRORE Retirement Plan! | Ankur Warikoo Hindi
18,Mastering MONEY on a Tight BUDGET | Money Matters Ep. 27 | Ankur Warikoo Hindi
19,Escape the 9-5 TRAP: 5 Secrets to FREEDOM | Ankur Warikoo Hindi
20,COMPLETE Financial Planning for 20s | Money Matters Ep. 26 | Ankur Warikoo Hindi
21,Plan Your RETIREMENT with an EXCEL Sheet | Ankur Warikoo Hindi
22,Is it the RIGHT Time to BUY a HOUSE? | Money Matters Ep. 25 | Ankur Warikoo Hindi
23,1 CRORE Mindset: Smart Investing for Financial FREEDOM | Ankur Warikoo Hindi
24,How to Turn a Monthly SIP into 12.5 CRORES?! | Money Matters Ep. 24 | Ankur Warikoo Hindi
25,From Cold Emails to 6-Figures per month income: The wariCrew Story
26,Single PARENT and Smart INVESTOR: Building a Safe FUTURE | Money Matters Ep.23 | Ankur Warikoo Hindi
27,Mutual Fund INVESTING with Live DEMO! | Ankur Warikoo Hindi
28,From Owning a HOUSE to RETIRING: 4-Step Financial PLAN! | Money Matters Ep. 22 | Ankur Warikoo Hindi
29,Should you BUY at EVERY Market DIP?! | Ankur Warikoo Hindi
30,POWER of Financial PLANNING! | Money Matters Ep. 21 | Ankur Warikoo Hindi
31,Why your SAVINGS are DISAPPEARING?! | Ankur Warikoo Hindi
32,Are you using the WRONG STOCK MARKET Strategy? | Ankur Warikoo Hindi
33,"Manage RESPONSIBILITIES with Rs. 24,800 SALARY! | Money Matters Ep. 20 | Ankur Warikoo Hindi"
34,THIS will MOVE You! | Money Matters Ep. 19 | Ankur Warikoo Hindi
35,DON'T Make THESE Financial MISTAKES in your 20s! | Ankur Warikoo Hindi
36,The Complete RETIREMENT Plan! | Money Matters Ep. 18 | Ankur Warikoo Hindi
37,Why everyone around you seems MORE RICH! | Ankur Warikoo Hindi
38,Generate MONTHLY INCOME from your Investments! | Ankur Warikoo Hindi
39,FREELANCER to Crorepati - HOW?! | Money Matters Ep. 16 | Ankur Warikoo Hindi
40,How YOU can make money on YOUTUBE - a COMPLETE guide! | Ankur Warikoo Hindi
41,"30 years, 30 CRORES! Aspin's Loan to Wealth Strategy! | Money Matters Ep. 15 | Ankur Warikoo Hindi"
42,Is ALL your SALARY going into EMIs?! Become DEBT-FREE! | Ankur Warikoo Hindi
43,Achieve ₹14.25 Crore with SIPs! | Money Matters Ep. 14 | Ankur Warikoo Hindi
44,GROW your MONEY safely in 1-3 YEARS! | Ankur Warikoo Hindi
45,CORPUS of Rs. 6.5 CR in spite of LOANS! | Money Matters Ep. 13 | Ankur Warikoo Hindi
46,RISKS and ALTERNATIVES of Small-Cap Funds! | Ankur Warikoo Hindi
47,"From Rs. 55,000 to Rs. 4 CRORE! | Money Matters Ep. 12 | Ankur Warikoo Hindi"
48,"Budget, Save and Earn MONEY the RIGHT way! | Ankur Warikoo Hindi"
49,HOW to PAY OFF all your LOANS?! | Money Matters Ep. 11 | Ankur Warikoo Hindi
50,PLAN your PARENTS' RETIREMENT the right way! | Ankur Warikoo Hindi
51,"COMPLETE FINANCIAL PLANNING for Rs. 25,000 SALARY! | Money Matters Ep. 10 | Ankur Warikoo Hindi"
52,I INCREASED my INCOME by 11 TIMES in just 5 YEARS! | Ankur Warikoo Hindi
53,How to GET OUT OF a Rs. 35L LOAN TRAP?! | Money Matters Ep. 9 | Ankur Warikoo Hindi
54,My First Salary Mistakes: What NOT to Do With Your Money! | Ankur Warikoo Hindi
55,Dream Home with 50K Salary in 5 YEARS? | Money Matters Ep. 8 | Ankur Warikoo Hindi
56,15 MINIMALISTIC RULES to WIN MONEY! | Ankur Warikoo Hindi
57,I asked the YOUTH about RETIRING EARLY! | Ankur Warikoo Hindi
58,Make MONEY through TEACHING! | Ankur Warikoo Hindi
59,Fat Free at 43
60,Retiring at 40 as a SALARIED EMPLOYEE! | Money Matters Ep. 6 | Ankur Warikoo Hindi
61,The STORY of RESILIENCE! | Money Matters Ep. 5 | Ankur Warikoo Hindi
62,"Build your RETIREMENT FUND with 20,000 INR salary the RIGHT way! | Ankur Warikoo Hindi"
63,"""I want to gift my mother her dream car"" | Money Matters Ep. 4 | Ankur Warikoo Hindi"
64,14 ways to MANAGE your TIME BETTER in 2024! GIVEAWAY ALERT! | Ankur Warikoo Hindi
65,Don't let your Salary CTC fool you! | In-Hand vs CTC! | Ankur Warikoo Hindi
66,Get RID of DEBT! | Money Matters Ep. 3 | Ankur Warikoo Hindi
67,SIP vs Step-up SIP - Know the DIFFERENCE! | Ankur Warikoo Hindi
68,Calculate INCOME TAX for 2024! | Ankur Warikoo Hindi
69,Use CREDIT CARDS to SAVE Money! | Ankur Warikoo Hindi
70,HOW to start an ONLINE BUSINESS in 2024 (for BEGINNERS)?! | Ankur Warikoo Hindi
71,Save LAKHS on LOANS with MUTUAL FUNDS! | Ankur Warikoo Hindi
72,EARN Money REGULARLY for 30 YEARS! | Ankur Warikoo Hindi
73,Left with NOTHING on MONTH END? | Money Matters Ep. 1 | Ankur Warikoo Hindi
74,How to have 100 years of RETIREMENT MONEY?! | Ankur Warikoo Hindi
75,Make EPIC MONEY - GIVING AWAY my 3rd Book!
76,These MONEY rules will keep you Financially SECURE! | Ankur Warikoo Hindi
77,MUTUAL FUND Investing Strategies for BEST Returns in 2024! | Ankur Warikoo Hindi
78,Save LAKHS while paying off LOANS! | Ankur Warikoo Hindi
79,Top Apps on my iPhone for 2024! | Ankur Warikoo Hindi
80,My PRODUCTIVE MORNING ROUTINE for 2024 | Ankur Warikoo Hindi
81,Dear 2024.... Goals KYUN?
82,Top MONEY SEARCHES on GOOGLE! | Ankur Warikoo Hindi
83,"10,000 INR Salary COMPLETE INVESTING PLAN! | Investment 2024! | Ankur Warikoo Hindi"
84,Where do I SPEND my MONEY! | Business Lessons 2024 | Ankur Warikoo Hindi
85,These TOP CAREERS can MAKE YOU RICH in 2024! | Ankur Warikoo Hindi
86,LEARN EVERYTHING FASTER: 2024 EDITION! | Ankur Warikoo Hindi
87,How I'm Investing MY MONEY in 2024! | Investing Strategy 2024 | Ankur Warikoo Hindi
88,24 EASY and EFFECTIVE MONEY SAVING HACKS for 2024! | Ankur Warikoo Hindi
89,2024 Online Money-Making: 24 Profitable Opportunities | Warikoo Hindi
90,"2023 Recap: Life's Highs, Lows, and Valuable Takeaways | Warikoo Hindi"
91,Mastering 'The 7 Habits of Highly Effective People' | Personal Development | Warikoo Hindi
92,Where to INVEST in 2024? | Investing Tips for 2024! | Ankur Warikoo Hindi
93,My PERSONAL INVESTMENT PORTFOLIO in 2023! | Ankur Warikoo Hindi
94,24 HABITS to TRANSFORM your LIFE in 2024! | Ankur Warikoo Hindi
95,24 CRORES in 12 MONTHS! | Ankur Warikoo Hindi
96,My TOP 23 BOOKS GIVEAWAY! | Book Recommendations 2024 | Warikoo Hindi
97,21 INSANE WAYS to Beat PROCRASTINATION in 2024! | Ankur Warikoo Hindi
98,Watch THIS to BECOME RICH in 2024!  | Ankur Warikoo Hindi
99,"Motivation, Ability and Prompt! | B=MAP | Ankur Warikoo Hindi"
100,Stay FIT with my PERSONAL HOME FITNESS ROUTINE! | Ankur Warikoo Hindi
101,"13 ATOMIC HABITS like NEVER BEFORE! | Habits, Actions and GOALS! | Ankur Warikoo Hindi"
102,Learn English FAST in 30 DAYS! | Ankur Warikoo Hindi
103,How to ACTUALLY get RICH in 2024 | Ankur Warikoo Hindi
104,Was NARAYAN MURTHY right? Should you work 70 HOURS/WEEK? | Ankur Warikoo Hindi
105,23 LESSONS I learnt about LIFE! | Ankur Warikoo Hindi
106,12 MUST-KNOW MONEY RULES for a RICH 2024! | Ankur Warikoo Hindi
107,20 ULTIMATE HACKS to BOOST YOUR PRODUCTIVITY | Productivity 2024 | Ankur Warikoo Hindi
108,You can IMPLEMENT THESE LEARNINGS from my FAILURES! | Life Advice 2023 | Ankur Warikoo Hindi
109,My FATHER never GAVE UP! | Life Advice 2024 | Ankur Warikoo Hindi
110,"Make EPIC MONEY! Buy NOW AND get Rs. 29,241 in FREEBIES! | Ankur Warikoo"
111,Make Epic Money LIVE Masterclass! | My 3rd BOOK! | Ankur Warikoo
112,I was a FAILURE before I WAS NOT! | My Failure Story | Ankur Warikoo Hindi
113,15 things I AM PROUD OF in 2023! | Ankur Warikoo Hindi
114,Mastering these MIND TRAPS will make you SUCCESSFUL! | Ankur Warikoo Hindi
115,How I earn Money Online with YouTube! You might be SHOCKED! | Ankur Warikoo Hindi
116,Growing my BRAND from 0 to 70 CRORES! | Ankur Warikoo Hindi
117,20 SIGNS you're doing BETTER than you THINK! | Ankur Warikoo Hindi
118,DIWALI GIVEAWAY! | Gifting ideas 2023 | Ankur Warikoo Hindi
119,MINIMALIST RULES - CHANGE YOUR GAME in 2024! | Ankur Warikoo Hindi
120,CAR FINANCES! | What Car can you Afford? | Ankur Warikoo Hindi
121,Your SALARY will NOT make you RICH! | Getting wealthy TRUTHS NOBODY tells YOU! | Warikoo Hindi
122,"40 CRORES from a 10,000 INR SALARY? | Ankur Warikoo Hindi"
123,10 Habits that are STOPPING you from GETTING RICH! | Ankur Warikoo Hindi
124,The WORLD's BIGGEST ASSET is NOT Money! | 19 FACTS about MONEY! | Ankur Warikoo Hindi
125,"If I can do it, YOU CAN TOO! | The Journey to my FIRST CRORE! | Ankur Warikoo Hindi"
126,Is BUYING a BETTER OPTION in 2023? | Buying vs Renting a house: 2023 edition | Ankur Warikoo Hindi
127,My Personal FRAMEWORK of LEARNING ANYTHING! | Personal Development 2023 | Ankur Warikoo Hindi
128,"10 WRONG purchases, 10 BIG LIFE LESSONS! | Personal Finance 2023 | Ankur Warikoo Hindi"
129,I CHALLENGE YOU! | 10 Money Challenges before 2024! | Ankur Warikoo Hindi
130,10% Stable Returns GUARANTEED! | Investing for Beginners 2023 | Ankur Warikoo Hindi
131,The 90-day English learning challenge! | Fluent English before 2024! | Ankur Warikoo Hindi
132,How to pick TOP PERFORMING STOCKS?! | Long Term Investing 2023 | Ankur Warikoo Hindi
133,My Routine as a Student! | Student Routine 2023 | Ankur Warikoo Hindi
134,Top 20 LESSONS from Books I Apply in REAL LIFE! | Book Recommendation 2023 | Ankur Warikoo Hindi
135,"15,000 SALARY to 1 CRORE INVESTMENT STRATEGY! | Become a CROREPATI! | Ankur Warikoo Hindi"
136,This will HELP you BUILD a ROUTINE for SUCCESS in your 20s! | Productivity 2023 | Warikoo Hindi
137,How I made money in my 20s! | Passive Income 2023 | Ankur Warikoo Hindi
138,10 Time Management Frameworks for Productivity | Warikoo Hindi
139,22 Profound Truths for Life & Success | Life Advice 2023 | Warikoo Hindi
140,Make Money Work for You - Understand the TIME value of MONEY! | Warikoo Hindi
141,Low Income? No PROBLEM! Get to 1Cr with LOW RISK! | Ankur Warikoo Hindi
142,15 YEARS of ZOMATO ft. Deepinder Goyal | The PROFITABILITY Journey | Ankur Warikoo Hindi
143,"10 Challenges, 90 Days SUCCESS BLUEPRINT for 2024! | Life Advice 2023 | Ankur Warikoo Hindi"
144,Save Up to 40%: Smart Money-Saving Strategies | Money Hacks 2023 | Ankur Warikoo Hindi
145,These Financial METHODS will NOT help you become a CROREPATI! | Ankur Warikoo Hindi
146,Middle Class to Rich! | STRATEGIES to help you MAKE MONEY while you SLEEP! | Ankur Warikoo Hindi
147,Building a Diversified Portfolio: My 13 Crore Journey | Investing for Beginners 2023 | Warikoo Hindi
148,"5 High Profit, Tax Free Government Investing Options! | Ankur Warikoo Hindi"
149,20 High-Paying Dream Job Courses | Course Recommendation 2023 | Warikoo Hindi
150,The BEST INVESTING GUIDE for AGE and SALARY! | Investing For Beginners 2023 | Ankur Warikoo Hindi
151,My INSANELY PRODUCTIVE Weekly Routine! | Vlog 2023 | Ankur Warikoo Hindi
152,24 FREE and PAID COURSES to EARN you LAKHS! | Online Courses Recommendation 2023 | Warikoo Hindi
153,Financial Management with an 8 Figure Salary | Personal Finance 2023 | Warikoo Hindi
154,Wealth Building in India's Economy | Strategy Guide 2023 | Warikoo Hindi
155,Top 23 Purchases to 10x efficiency | Productivity Guide 2023 | Warikoo Hindi
156,Reshape Your Finances: 2x Your Savings | Budgeting Tips 2023 | Warikoo Hindi
157,Turn Passion into Income: 16 Hobbies | Side Income 2023 | Warikoo Hindi
158,Best Investments 2023 | Mutual Funds vs Fixed Deposits | Warikoo Hindi
159,Top 5 Countries with 5G AVAILABILITY! | DESH AAGE BARH RAHA HAI! | Ankur Warikoo #hindi
160,Car Decision: Renting vs Buying | Vehicle Purchase Tips 2023 with EXCEL SHEET! | Ankur Warikoo Hindi
161,"Efficiency, Productivity & Comfort at Home! | Home Tour 2023 | Ankur Warikoo Hindi"
162,AI Money-Making Strategies | 1 Lakh/Month with ChatGPT | Ankur Warikoo Hindi
163,"Budgeting & Investing Tips for YOUR MONEY! | 30,000 INR Salary | Ankur Warikoo Hindi"
164,Own Your Morning: Powerful Daily Routine! | Routines of HIGHLY SUCCESSFUL People! | Warikoo Hindi
165,"Boost Productivity in 2023: Books, Courses, Concepts and Tools! | Ankur Warikoo Hindi"
166,"Budgeting & Investment Guide: 30,000 INR/month Salary | Ankur Warikoo Hindi"
167,The Most Important Lessons for your 20s | Life Advice 2023 | Warikoo Hindi
168,The most EXPENSIVE REAL ESTATE CITIES in INDIA! | Ankur Warikoo Hindi
169,AI in Education: Ace Exams with ChatGPT | Success with Artificial Intelligence | Ankur Warikoo Hindi
170,Supercharge Your Productivity: 12 Advanced Tools | Warikoo Hindi
171,20 Books for Your 20s You MUST READ! | Book Recommendations 2023 | Warikoo Hindi
172,No Interest Home Loans? | Smart Investing & Borrowing Explained | Warikoo Hindi
173,"Top 10 High-Paying Jobs in India 2023 | Qualifications, Salaries & More | Warikoo Hindi"
174,Long-Term Investing & Compounding; Financial Success | Investing for beginners 2023 | Warikoo Hindi
175,Master Your Money: 14 Emotional Biases in Financial Decision-Making | Ankur Warikoo Hindi
176,8 Essential Soft Skills to Accelerate Your Career: Techniques and Strategies | Ankur Warikoo Hindi
177,Psychology Hacks to Boost Your Sales: Top 10 Tips | Ankur Warikoo Hindi
178,ChatGPT Predicts India in 2030! | Artificial Intelligence in 2023 | Warikoo Hindi
179,The 15 MOST IMPORTANT Life Stages For Survival and Sucess! | Life Advice 2023 | Ankur Warikoo Hindi
180,"The ABCs of Term Insurance: Demystifying Policy Types, Features and More! | Ankur Warikoo Hindi"
181,Boost Your Income: How to Earn 1 Lakh INR/Month with AI Tools in 2023 | Ankur Warikoo Hindi
182,Mastering Time Management: How I Organize My iPhone! | Ankur Warikoo Hindi
183,Failed IIT-JEE? Here is My Story | JEE Advanced 2023 results | Ankur Warikoo Hindi
184,Break Free from Procrastination: Tips and Techniques to Boost Productivity | Ankur Warikoo Hindi
185,Financial Minimalism: Your Roadmap to Financial Freedom | Ankur Warikoo Hindi
186,Mastering Mindfulness for Peak Productivity in 2023: Your Complete Guide | Ankur Warikoo Hindi
187,15 Books That Will Change Your Life (GIVEAWAY!) | Book Recommendations 2023 | Ankur Warikoo Hindi
188,The EQ Advantage: 9 Hacks to Supercharge Your Emotional Intelligence | Ankur Warikoo Hindi
189,The 5 Pillars of Personal Growth: Your Blueprint for Success | Ankur Warikoo Hindi
190,Debt-Free Journey Snowball vs Avalanche Methods Explained | Debt Reduction Tips 2023 | Warikoo Hindi
191,Mindset Mastery: A 6-Step Guide to Cultivating a Positive Outlook | Ankur Warikoo Hindi
192,Boost Your Brain: 7 Proven Strategies for Enhanced Cognitive Power | Ankur Warikoo Hindi
193,Beyond Money: The Time Billionaire Concept for True Wealth | Ankur Warikoo Hindi
194,Master English with ChatGPT: No More Need for an English Tutor | Ankur Warikoo Hindi
195,15 Smart Hacks for 2023 | Charisma Tips | Ankur Warikoo Hindi
196,24 Time-Saving Habits to Get an Extra Day Every Week | Productivity Hacks 2023 | Warikoo Hindi
197,Courses to Earn Money Online! | Course Recommendation 2023 | Warikoo Hindi
198,How to Succeed at Moonlighting | Is having more than one job LEGAL? | Ankur Warikoo Hindi
199,23 Books You Must Read in 2023! | Book Recommendations for 20s | Ankur Warikoo Hindi
200,3 Things for Every Aspect of Life! | Advice for 20s | Ankur Warikoo Hindi
201,BEST Life Advice for EVERYONE in their 20s! | Motivation 2023 | Ankur Warikoo Hindi
202,Indian Education System Flaws: How Schools & Colleges Fall Short | Ankur Warikoo Hindi
203,5 ACTUAL WAYS to GET RICH in 2023! | Ankur Warikoo #hindi
204,13 Everyday Habits that Make you INSTANTLY SMARTER! | Ankur Warikoo Hindi
205,7 Powerful LIFE LESSONS from FIGHT CLUB 1999! | Ankur Warikoo Hindi
206,Watch NOW or REGRET LATER! | 7 LESSONS People Learn Too Late In Life! | Ankur Warikoo Hindi
207,The BIGGEST LIFE DECISIONS you take in YOUR LIFE! | Ankur Warikoo Hindi
208,Transform Your Productivity:  5 Life-Changing Deep Work Techniques! | Ankur Warikoo Hindi
209,Unlock the Power of Compounding: ITS NOT JUST MONEY! | Ankur Warikoo Hindi
210,100+ 20-Year-Olds REVEAL their TOP 7 REASONS for LOW SELF CONFIDENCE! | Ankur Warikoo Hindi
211,The 7 MOST Important MONEY LESSONS I learnt! | Personal Finance 2023 | Ankur Warikoo Hindi
212,Discover Financial Freedom: 10 Game-Changing Habits of the Rich and Powerful! | Ankur Warikoo Hindi
213,The 2023 BANKING CRISIS EXPLAINED! | The SECOND BIGGEST Bank Collapse - SVB | Ankur Warikoo Hindi
214,Do you feel like GIVING UP? | 9 CRUCIAL Motivation HACKS 2023 | Ankur Warikoo Hindi
215,BEST CAREER ADVICE in 2023 you'll EVER GET! | Ankur Warikoo Hindi
216,18 DESTROYING HABITS that are RUINING your LIFE! | Success Tips 2023 | Ankur Warikoo Hindi
217,23 Artificial Intelligence TOOLS to HELP BOOST PRODUCTIVITY! | AI tools 2023 | Ankur Warikoo Hindi
218,Fix your FINANCIAL FUTURE in 2023! | Money you NEED in LIFE?! | Ankur Warikoo Hindi
219,TRAIN your MIND to REMEMBER everything YOU READ! | Productivity hacks 2023 | Ankur Warikoo Hindi
220,MAXIMISE your PRODUCTIVITY in 2023! | Productivity tools for 10x EFFICIENCY! | Ankur Warikoo Hindi
221,10 PREDICTIONS FOR 2050 that will CHANGE the way WE LIVE! | Ankur Warikoo Hindi
222,Is 2023 the BEST YEAR to START UP? | Antler Investor - Rajiv Srivatsa EXPLAINS! | Ankur Warikoo
223,Top SMALLCASES for BEST RETURNS in the 2023 MARKET! | Investing for Beginners  | Ankur Warikoo Hindi
224,11 best ways to learn faster in 2023! | Productivity tips for beginners | Ankur Warikoo Hindi
225,Things ChatGPT will NEVER tell you! | @Gurudev Talks of DESTINY! | Ankur Warikoo Hindi
226,The SECRET FORMULA to being WEALTHY! | Ankur Warikoo Hindi
227,The ONLY Investing video you NEED to WATCH in 2023! | Investment for beginners | Ankur Warikoo Hindi
228,What's Stopping YOU? | TOP SKILLS for 2023 | Ankur Warikoo Hindi
229,5 UNIQUE and TOP ways to EARN from CREDIT CARDS in 2023! | Ankur Warikoo Hindi
230,23 TOP and UNIQUE Passive Income IDEAS for 2023! | COURSES GIVEAWAY! | Ankur Warikoo Hindi
231,Your MONEY is BURNING and YOU DON'T EVEN KNOW IT! | Inflation Investing 2023 | Ankur Warikoo Hindi
232,11 PRODUCTIVITY MYTHS that are RUINING your LIFE in 2023! | Ankur Warikoo Hindi
233,2023 - Your JOURNEY to BECOME a MILLIONAIRE starts NOW! | Income Tips 2023 | Ankur Warikoo Hindi
234,"​ @thevirdas  on Stand-up comedy, Money, Acting, Family and more! | Ankur Warikoo"
235,15 DECISION MAKING TECHNIQUES to CHANGE 2023 for YOU! | Ankur Warikoo Hindi
236,STUDENTS - Use CHATGPT to WIN in your CAREER! | ChatGPT for Beginners | Ankur Warikoo
237,"@BBKiVines and Rohit Raj on Taaza Khabar, Money, Sacrifices & their future | Ankur Warikoo Hindi"
238,AVOID THESE 23 MISTAKES in the 2023 MARKET! | Investing for Beginners | Ankur Warikoo Hindi
239,MUTUAL FUNDS in the 2023 MARKET! All you NEED to KNOW! | Ankur Warikoo Hindi
240,"IAS Gamini on Cracking UPSC, Engineering, Failure and Overcoming Self-doubt | Ankur Warikoo Hindi"
241,I asked 13 academic toppers for their study hacks! | Productivity tips 2023 | Ankur Warikoo Hindi
242,Multiple Credit Cards - Advantages and Disadvantages - EXPLAINED!| Ankur Warikoo Hindi
243,"@bkshivani on Dealing with Comparison, Staying Focused, and Career Choices! | Ankur Warikoo Hindi"
244,CHANGE the way you THINK about MONEY in 2023! | The UNTOLD Truth | Ankur Warikoo Hindi
245,BEST THINGS you can do to CHANGE YOURE LIFE in 2023! | | Ankur Warikoo Hindi
246,"@AbhiandNiyu on Content Creation, Trolls, India's Future and more! | Ankur Warikoo"
247,HOW and WHO do we SPEND our lives with? The SURPRISING TRUTH! | Ankur Warikoo Hindi
248,My INVESTMENTS in 2022 - BROKEN DOWN! | Investing for Beginners | Ankur Warikoo Hindi
249,DO EPIC SHIT! The Ultimate Motivational Anthem - Lyrical Video
250,10 WAYS to WIN in your CAREER in 2023! | Job Advice 2023 | Ankur Warikoo Hindi
251,6 best ways you can invest - 2023 edition! | Investing for beginners | Ankur Warikoo Hindi
252,The BEST BOOKS I READ in 2022! | Book Recommendations 2023! | Ankur Warikoo Hindi
253,How I doubled my income in 2022 - explained! | Ankur Warikoo Hindi
254,New Year 2023 SPECIAL LIVE! | Ankur Warikoo Hindi
255,| Ankur Warikoo |
256,These 23 NEW YEAR RESOLUTIONS will CHANGE YOUR LIFE in 2023! | Ankur Warikoo Hindi
257,Invest according to YOUR RISK! | Investing Tips 2023 | Ankur Warikoo Hindi
258,"Change your 20s, Change YOUR LIFE! | You MIGHT regret NOT watching this! | Ankur Warikoo Hindi"
259,"@KaranBajajOfficial on Exploring Life, Building Startups, Spirituality and more! | Ankur Warikoo"
260,10 GOLDEN Rules to get Your MONEY RIGHT | Personal Finance 2023 | Ankur Warikoo Hindi
261,TOP 7 INVESTING STRATEGIES you NEED to KNOW! | Investment for Beginners 2023 | Ankur Warikoo Hindi
262,"@ritvizji on Music, Family support, Dropping out and Life! | Ankur Warikoo"
263,Index Mutual Funds - DID YOU KNOW THIS SECRET? | Mutual Funds Investing 2023 | Warikoo
264,7 ways YOU can BEAT the STOCK MARKET in RECESSION 2023 | Investing for Beginners | Warikoo Hindi
265,"​@rajshamani  on Taking RISKS, Investments, Content Income and more! | Ankur Warikoo"
266,9 SIMPLE and EFFECTIVE ways to EARN MONEY ONLINE! | Passive Income 2023 | Ankur Warikoo Hindi
267,DO EPIC SHIT! The Ultimate Motivational Anthem
268,​ @pranjalkamra  REVEALS his Investment Portfolio! Best Mutual Fund to INVEST? | Warikoo Hindi
269,Habits ALL SUCCESSFUL people have in COMMON! | Productivity Tips 2023! | Ankur Warikoo
270,Full Payment or EMIs? Which one should YOU prefer? | Personal Finance 2023  Ankur Warikoo Hindi
271,Nithin Kamath Zerodha on Investing Advices and more! | Candid with Nithin Kamath | Warikoo Hindi
272,MASTER Digital Marketing and MAKE MONEY! | STEP BY STEP GUIDE for Beginners | Warikoo Hindi
273,2023 - The Year YOU INVEST BETTER! | Investment Tips for EVERYONE | Ankur Warikoo Hindi
274,"@TechBurner on his INCOME, FUTURE TECH, RELATIONSHIPS and MORE! | Warikoo Hindi"
275,10 BOOKS to CHANGE the WAY you THINK! | MEGA GIVEAWAY! | Warikoo Books Hindi
276,Buying Jewellery IS NOT the only way! | Gold Investing in 2023 | Ankur Warikoo Hindi
277,Ankur Warikoo peeks into the MIND READER's MIND! | Candid with @SuhaniShah
278,Save MONEY on TAXES! | Tax Tips for Freelancers 2023 | Ankur Warikoo Hindi
279,Long term Investing with WINNING STOCKS! | Investment Tips 2023 | Warikoo Hindi
280,"Saloni Gaur on her LIFE's JOURNEY, Comedy as a career and more! | Candid with @salonayyy | Warikoo"
281,Softwares that AUTOMATE my BUSINESS and make it SUCCESSFUL! | Ankur Warikoo Hindi
282,10 GIFTS GIVEAWAY! | Top GIFTING IDEAS | Ankur Warikoo Hindi
283,The EASIEST WAY to make MONEY on YouTube! | Ankur Warikoo
284,A 19 year old TEACHER to 3M YOUTUBER @LetsLEARN2016  | Candid with Himanshi Singh | Warikoo Hindi
285,How I MADE MONEY from EXCEL and YOU CAN TOO! | Career Tips 2023 | Ankur Warikoo Hindi
286,SUCCEEDING as a Woman Entrepreneur! Ft. YourStory Founder Shradha Sharma | Ankur Warikoo
287,Save Money and BUILD WEALTH! | Just Keep Buying Book Review | Warikoo Hindi
288,EARN MORE from your INVESTMENTS! | Investing for Beginners 2023 | Ankur Warikoo Hindi
289,NIFTY 50 CAN MULTIPLY YOUR MONEY! | Growth Investing with Mutual Funds | Warikoo Hindi
290,How to STAY FOCUSED and be SUCCESSFUL! | Ankur Warikoo Hindi
291,@CARachanaRanade reveals her BIGGEST LIFE LEARNING! | Ankur Warikoo Hindi
292,​ @SamayRainaOfficial  UNFILTERED! | I ended up GETTING INTERVIEWED! | Warikoo Hindi
293,Be the BEST STUDENT you CAN BE! | Study Tips and Hacks 2023 | Ankur Warikoo Hindi
294,Understanding Company Financials! | How to Read Financial Statements - EXPLAINED! | Warikoo Hindi
295,Save LAKHS by Paying Loan Off Early! | Loan Repayment vs Investing! | Ankur Warikoo Hindi
296,BE SUCCESSFUL and GET PROMOTED at WORK! | Job Tips 2023 | Ankur Warikoo Hindi
297,Make regular income from your investments | Investing for beginners | Ankur Warikoo Hindi
298,Can you MAKE MONEY by SPENDING MONEY? | Investing for Beginners 2023 | Ankur Warikoo Hindi
299,"Varun Mayya on Freelancing, Making Money and Running Businesses! | Ankur Warikoo"
300,3 things about EVERYTHING! | You HAVE TO watch this! | Ankur Warikoo Hindi
301,"STORY IS TEMPORARY, WORK IS PERMANENT! | Money Talks with @Prafull_billore | Warikoo Hindi"
302,NRIs Investments in Indian Stock Market | Investing for Beginners 2023 | Ankur Warikoo Hindi
303,Top 10 PRODUCTIVITY HACKS I USE | Control YOUR Time | Ankur Warikoo Hindi
304,13 HACKS to ENSURE YOU DONT GET POOR! | Money Management Tips 2023 | Warikoo Hindi
305,wariCrew Dharamshala Vlog | Quarterly Offsite FUN! | Ankur Warikoo
306,Seth Godin talks about his latest book | Book Recommendations 2023 | Ankur Warikoo
307,DON'T STOP YOUR SIPs in BEAR MARKET 2022 | Investing for Beginners | Ankur Warikoo Hindi
308,India's UNOFFICIAL CONTENT CREATOR COACH! | Money Talks with Manish Pandey | Ankur Warikoo Hindi
309,THIS ASSET could have given YOU 43% ANNUAL RETURNS! | Investing for Beginners | Ankur Warikoo Hindi
310,There is NOTHING you CANNOT DO! | Money talks with @financewithsharan |  Ankur Warikoo
311,HOW do MY Interns EARN MORE MONEY THAN a FULL TIME EMPLOYEE?! | Ankur Warikoo Hindi
312,6 COURSES that will CHANGE YOUR CAREER! | Online Courses and Skills 2023 | Warikoo Hindi
313,Nikhil Kamath Zerodha on INVESTING and MAKING MONEY! | Money Talks | Ankur Warikoo
314,"30 Books YOU NEED to READ, NOW! | Book Recommendations 2023 | Ankur Warikoo Hindi"
315,My CALCULATORS for FINANCIAL GOAL SETTING! | Personal Finance for 20s! | Warikoo Hindi
316,Systematic Withdrawal Plan EXPLAINED! | EARN and MAKE MONEY while INVESTING! | Warikoo Hindi
317,"Making MONEY at the AGE of 15, CONTENT and MORE! | Money talks with Anushka Rathod | Warikoo Hindi"
318,You CAN'T MISS THIS if YOU'RE in your 20s! | The DEFINING DECADE with Meg Jay! | Warikoo
319,30+% RETURNS? | Momentum Investing EXPLAINED for Beginners! | Warikoo Hindi
320,This WOULD HAVE made me MORE SUCCESSFUL! | Common First Job Mistakes | Warikoo Hindi
321,Money Talks with Psychology of Money author Morgan Housel! | Ankur Warikoo
322,"SHARK TANK Ghazal Alagh on Business, Money and MORE! | Money Talks | Warikoo Hindi"
323,5 STEPS YOU can take to OVERCOME FAILURE | Warikoo Hindi
324,STOCK MARKET INVESTING for BEGINNERS! | Investment Tips 2023 | Warikoo Hindi
325,Kunal Shah: THE MAN WHO MAKES MORE PEOPLE DREAM! | Ankur Warikoo Hindi
326,10 PROVEN ways to get PAID INTERNSHIPS! | Earn Money in 2023 | Ankur Warikoo Hindi
327,Money Traps to Avoid in your 20s! | The World teaches you wrong lessons! | Ankur Warikoo Hindi
328,Choosing Mutual Funds for the BEST RETURNS! | Investing for Beginners | Warikoo Hindi
329,30 WAYS TO MAKE MONEY EXPLAINED! | Passive Income Ideas 2023 | Ankur Warikoo Hindi
330,Sapiens Book Review (Hindi) in 10 MINUTES! | Book Recommendations 2023 | Ankur Warikoo
331,"""GOOGLE MAPS helped me EARN MONEY!!"" | @nehanagar on Money Talks! | Ankur Warikoo Hindi"
332,DOING AN MBA CAN GIVE YOU A 30% SALARY HIKE! | Benefits of ONLINE MBA | Ankur Warikoo Hindi
333,I took ONE DECISION and it CHANGED MY LIFE! | Making Money buys you FREEDOM | Warikoo Hindi
334,LOSS of 25 LAKHS+ to BUILDING MULTIPLE BUSINESSES! | Money talks with @AmanDhattarwal | Warikoo
335,THIS is why I DIDN'T BUY A CAR! | BUY A NEW CAR EVERY 3 YEARS! | Ankur Warikoo Hindi
336,YOU DON'T HAVE TO WORK AFTER 40! | Investing and Compounding EXPLAINED! | Ankur Warikoo Hindi Video
337,SCHOLARSHIPS for INDIAN STUDENTS | Study Abroad TIPS 2023! | Ankur Warikoo Hindi Video
338,How OFTEN do you OVERTHINK? | Possibility vs Probability! | Ankur Warikoo Hindi Video
339,"Money, Spirituality, Content and more with @beerbiceps! | Money talks with Ranveer! | Warikoo Hindi"
340,Application process for Foreign Universities - EXPLAINED! | Ankur Warikoo Hindi
341,INVESTING CAN MAKE YOU A MILLIONAIRE! | Investment for Beginners 2023 | Warikoo Hindi
342,The INVESTMENTS that CHANGED MY LIFE! | Investing in YOUR 20s | Warikoo Hindi
343,BEST COUNTRY AND COURSE TO STUDY ABROAD - ANSWERED! | Ankur Warikoo Hindi
344,SELECTING 8 INDIAN STOCKS using THE INTELLIGENT INVESTOR! | Book Review | Warikoo Hindi
345,BUILDING MULTIPLE INCOME STREAMS?! | Money talks with @AkshatZayn | Warikoo Hindi
346,Investing in a BEAR MARKET IN THE US? | US Stock Market Investing | Warikoo Hindi
347,VOLATILE MARKETS - WHERE SHOULD YOU INVEST? | Investing For Beginners 2023 | Warikoo Hindi
348,Money YOU NEED for a LIFETIME! | Financial Planning for EVERYONE! | Ankur Warikoo Hindi
349,METAVERSE EXPLAINED in 15 MINUTES! | Web3 For Beginners | Ankur Warikoo Hindi
350,20 MUST READ BOOKS FOR YOUR 20s! | GIVING AWAY UNLIMITED BOOKS! | Warikoo Books Hindi
351,Lab Assistant to the CEO of Edelweiss at 32! | Money Talks with Radhika Gupta! | Warikoo Hindi
352,10 SKILLS - EARN 1 LAC/MONTH! | Top Online Courses 2023 | Ankur Warikoo Hindi
353,REIT - UPTO 23.5% ANNUAL RETURNS! | Real Estate Investing EXPLAINED! | Ankur Warikoo Hindi
354,MARKETS CRASHING! - WHAT SHOULD YOU DO?! | Investing Strategy 2022 | Ankur Warikoo Hindi
355,ALL ABOUT MAKING MONEY WITH @IshanSharma7390! | Ankur Warikoo Hindi
356,The Courage to be Disliked - BOOK REVIEW IN 10 MINUTES! | Ankur Warikoo Hindi
357,Things EVERYONE should know about MONEY! | Candid LESSONS with @tanmaybhat | Warikoo Hindi
358,Reduce CAPITAL GAIN TAX by 90%! | Tax Harvesting EXPLAINED! | Ankur Warikoo Hindi
359,The BEST INVESTMENT portfolio for YOUR AGE! | Investing for Beginners | Ankur Warikoo Hindi
360,Get OUT of LOAN and DEBT! | Repay Loans quickly 2023! | Ankur Warikoo Hindi
361,Career Change - 5 STEP FRAMEWORK! | Switching Jobs | Ankur Warikoo Hindi
362,COMPLETE GUIDE to US Stock Market Investing! | Ankur Warikoo Hindi
363,BUYING a Car - are you LOSING MONEY? | Ankur Warikoo Hindi
364,STARTUP vs. CORPORATE - Which is the BEST for YOU? | Ankur Warikoo Hindi
365,TAKE CHARGE of YOUR MONEY in 10 MINUTES! | Financial Planning | Ankur Warikoo Hindi
366,10 SIGNS that you WILL become RICH! | Ankur Warikoo Hindi
367,14 ONLINE COURSES that can make you RICH! | Ankur Warikoo Hindi
368,5 KEY Tips to a LONG and HAPPY LIFE! | IKIGAI BOOK REVIEW in HINDI | Ankur Warikoo
369,COMPLETE GUIDE to SMALLCASE Investments! | Investing for Beginners | Ankur Warikoo Hindi
370,"Study in US, UK, Canada | Is it Worth it? | Ankur Warikoo Hindi"
371,"I had NO JOB, NO MONEY! | Ankur Warikoo #Hindi"
372,How to invest in Real Estate? | Ankur Warikoo | My experience with Real estate investing
373,I STARTED investing at 39! | Ankur Warikoo
374,Grow your money through Excel | Ankur Warikoo | Personal Finance | Investing using Excel
375,BEST Strategy for Short Term Investing | FIXED 11% RATE OF RETURN! | Ankur Warikoo Hindi
376,Parents - 11 HARSH TRUTHS. | Ankur Warikoo Hindi
377,7 Ways to Get Salary Increment - GUARANTEED! | Ankur Warikoo Hindi
378,7 ASSETS that WILL make you RICH! | Personal Finance for Beginners | Ankur Warikoo Hindi
379,Rich Dad Poor Dad Book Review | Books on Money! | Ankur Warikoo Hindi
380,A CA to 3.5M subscribers on YouTube: @CARachanaRanade's #CreatingForIndia journey
381,3 ways YOU ARE READING BOOKS WRONG! | Ankur Warikoo
382,Retire with 4 CRORES! | Financial Planning for Beginners | Ankur Warikoo Hindi
383,Hard hitting responses to your questions | Ankur Warikoo Hindi
384,Earn MONEY in the Stock Market in 2023 | Investing Tips for Beginners | Ankur Warikoo Hindi
385,Earn 7 Crores in 1 year! | Online courses | Ankur Warikoo Hindi
386,How I SPEND MY MONEY? |  Personal Finance | Ankur Warikoo Hindi
387,REACTING TO HATE and MEAN COMMENTS ON THE INTERNET! | Ankur Warikoo
388,Investing vs Loan Repayment EXPLAINED with Excel Sheet! | Ankur Warikoo Hindi
389,LIFE CHANGING Habits you NEED to WATCH! | Ankur Warikoo Hindi
390,Are you WASTING your HARD EARNED MONEY? | Personal Finance 101 | Ankur Warikoo Hindi
391,INVESTING? 10 things YOU MUST know! | Ankur Warikoo Hindi Video
392,4 POWERFUL ways to calmly resolve Disagreements | Ankur Warikoo Hindi
393,Atomic Habits Book Review in Hindi | Ankur Warikoo
394,How I track my investments in 2022 | Ankur Warikoo Hindi
395,How to start meditation | Meditation For Beginners | Ankur Warikoo
396,12 Side Income Ideas for 2022! | Replace Your Current Job! | Ankur Warikoo Hindi
397,NFTs: How to buy and sell - Complete Guide w/ @MohitMamoria | Ankur Warikoo
398,COMPLETE Tax Planning for Salaried Individuals! | Ankur Warikoo Hindi
399,5 Investing ideas for 2023 | Investing For Beginners | Ankur Warikoo Hindi
400,"15 Crore business in 12 months, from zero! | Reinventing my Life at 40! | Ankur Warikoo Hindi"
401,"Ask Me Anything! | YouTube LIVE with Ankur Warikoo | Personal Finance, Career and Life!"
402,My relationship with MONEY | Personal Finance | Ankur Warikoo
403,How to Invest a Lumpsum amount in 2024? | Ankur Warikoo Hindi
404,How I Create Content on YouTube! | Content Creation Process in 2022 | Ankur Warikoo Hindi
405,Psychology of Money Book Review | Ankur Warikoo Hindi
406,My Investing Strategy for 2022! | Ankur Warikoo Hindi
407,Planning Your Career in 2022 | Job Planning Framework | Ankur Warikoo
408,Yeh Buy-Now-Pay-Later Kya Hai? W/ Nitin Gupta | Ankur Warikoo
409,How to Invest in your 20s - UPDATED! | Investing in 2023 | Ankur Warikoo Hindi
410,Mistakes I made in my Relationships | Ankur Warikoo Hindi
411,5 IMPORTANT Life Decisions you SHOULD take on an Excel Sheet | Ankur Warikoo Hindi
412,How much Money did I make in 2021?
413,7 TOP Careers for Success in your 20s | Job Tips 2022 | Ankur Warikoo Hindi
414,17 Books to Read in 2023 | My Top Reads of 2021 | Ankur Warikoo Hindi
415,15 Gift Ideas for your Parents | Winter/Christmas Gifts 2021 | Ankur Warikoo Hindi
416,16 Best Investments I made in 2021 | My Investing Strategy | Ankur Warikoo Hindi
417,Investing Your Money in 2023 | Investment Tips for Beginners | Ankur Warikoo x @AkshatZayn
418,NFTs explained in 10 minutes | Non Fungible Tokens | Ankur Warikoo Hindi
419,Investing - DON'T Make These Mistakes | Ankur Warikoo
420,How I got 100% scholarship to study abroad | Ankur Warikoo Hindi Video
421,What are Index Mutual Funds? | Ankur Warikoo
422,What are ETFs? | Ankur Warikoo | #GiveawayAlert
423,I reached 1Mn subscribers in just 18 months? | Ankur Warikoo Hindi | YouTuber Journey
424,Is an Online MBA worth it? | Ankur Warikoo
425,Stock and Crypto crash - How to handle
426,My Failure Resume | Ankur Warikoo
427,15 Online Courses for a BETTER CAREER! | Jobs in 2021-22 | Ankur Warikoo
428,Top 10 BEST Gifts for Teenagers! | Ankur Warikoo
429,Traditional Banks vs Neo Banks | Digital Banks EXPLAINED IN HINDI | Ankur Warikoo
430,Where and how much to invest according to your age? | Ankur Warikoo
431,I am gifting stocks - see how! | Ankur Warikoo
432,My weekly schedule| Ankur Warikoo
433,30 ki AGE ke pehle RETIRE karna CHAHTE HAIN? Ye DEKHO!
434,DON’T make these mistakes in your 20s | Ankur Warikoo
435,My life's BEST Financial Decisions | Ankur Warikoo
436,True cost of Smallcase Investing EXPOSED | Ankur Warikoo
437,1 Million Special! | YouTube LIVE with Ankur Warikoo
438,CREDIT CARDS se PAISE AISE KAMATE HAIN! | Ankur Warikoo
439,When to sell a stock or share | Ankur Warikoo
440,My investment in Vauld (Updated)
441,When is it okay to give up?
442,What is EPNS? | New and emerging careers in Technology
443,Top 30 Soft Skills for a Better Career in 2021!
444,Introduction to Microsoft Excel - Excel Basics Tutorial
445,EPF or PPF - Which one should you invest in?
446,I was lost at 24...
447,Ask Me Anything! | YouTube LIVE with Ankur Warikoo
448,Health Insurance Claims - REFORMED!
449,What is Invoice Discounting?
450,Real-life lessons I learnt from Stock Investing
451,The advice that changed my life!
452,Making money as a college student | Ankur Warikoo HIndi Video | How to make money Online in 2021
453,How does compounding work | Ankur Warikoo Hindi Video | Power of compounding
454,Top Skills to learn before your 30s | Ankur Warikoo Hindi Video | Online Courses- My recommendations
455,Building an Emergency Fund | Ankur Warikoo Hindi Video | Financial Planning for Beginners
456,Invest in Stocks with NO RESEARCH! | Ankur Warikoo Hindi | Idea Investing | Safely invest in stocks
457,DID YOU KNOW OF THESE INSURANCE PRODUCTS? | Ankur Warikoo Hindi Video
458,REVEALING MY NET WORTH! | Ankur Warikoo Hindi Video | How to calculate your net worth
459,Future of Crypto in India | Cryptocurrency Investing x Nischal Shetty - Ep 6 | Ankur Warikoo
460,5 Ways I mastered speaking in English | Speaking English Fluently | Ankur Warikoo Hindi
461,My FAVOURITE purchases under INR 1000! | Ankur Warikoo Hindi | Cheap everyday products
462,US Stock Investing - Things to keep in mind | Ankur Warikoo Hindi Video | Stocks to buy 2021
463,"Auto Insurance - WHY, HOW and WHEN? | Ankur Warikoo | Buying or Renewing Vehicle Insurance in India"
464,LONG TERM INVESTING ke LIYE STOCKS PICK KARIYE! | Investment Strategy for Beginners | Ankur Warikoo
465,Safely storing Crypto in 2021 | Cryptocurrency Investing x Nischal Shetty- Ep 5 | Ankur Warikoo
466,My Favourite Money Apps? | Ankur Warikoo HIndi Video
467,My Stock Investing Strategies | YouTube LIVE with Ankur Warikoo
468,Health insurance for yourself | Ankur Warikoo Hindi Video- Choosing the best Health Insurance Policy
469,12 online courses that can make you RICH! | Passive Income Hindi Tips 2021 | Ankur Warikoo
470,SIP KYA HAI? SIP vs LUMPSUM EXPLAINED! | Ankur Warikoo Hindi
471,10 gifts I bought for my parents | Ankur Warikoo Hindi Video | Gift ideas for parents
472,How to invest in crypto | Cryptocurrency Investing x Nischal Shetty- Ep 4 | Ankur Warikoo Hindi
473,What are dividends? | Ankur Warikoo Hindi video| Dividend Stocks and Investing | Stock market basics
474,My favourite mobile apps | Ankur Warikoo | Must-have apps in 2021
475,NEVER buy the same Health Insurance as your parents - Here's why! | Ankur Warikoo Hindi Video
476,Futures and Options Explained | Ankur Warikoo Hindi Video | Futures trading
477,"From IIT Engineer to YouTube Creator | Ankur Warikoo ft. Vikrant Kirar, @CrashUp | Content Creation"
478,How to buy and sell Cryptocurrency | Cryptocurrency Investing x Nischal Shetty- Ep 3 | Ankur Warikoo
479,Loans jaldi repay kariye! | Pay off debt faster! | Ankur Warikoo Hindi
480,IPO Investing Strategy 2021 | How to invest in IPOs on your broker account? | Ankur Warikoo Hindi
481,Understanding Life Insurance | Ankur Warikoo Hindi Video | Choosing the best life insurance policy
482,Making money in all time high markets! | Bull market Investing tips for Beginners | Ankur Warikoo
483,My fitness journey - Ankur Warikoo | How getting 6 pack abs saved my life | Fitness motivation Hindi
484,Why SO MANY Crypto coins? | Cryptocurrency Investing x Nischal Shetty - Ep 2 | Ankur Warikoo
485,Making Money in your 20s - AMA with Ankur Warikoo | YouTube Live Session
486,Financial Goal Setting - How to plan your journey | Ankur Warikoo Hindi Video | WITH CALCULATOR
487,How an MBA changed my life | Ankur Warikoo Hindi Video | Should you get an MBA?
488,Best Books on Money | Ankur Warikoo Hindi Video | Quotes on money | Book Recommendations
489,Top Creators I learn from | Ankur Warikoo Hindi Video | Online learning
490,Basics of Insurance | Ankur Warikoo | The Complete Guide to Buying Insurance - Part 1
491,Why was Bitcoin invented? | Cryptocurrency Investing with Nischal Shetty - Episode 1 | Ankur Warikoo
492,My email productivity hacks | Ankur Warikoo | How to be more productive at work
493,Top Income Tax Saving Tips for 2021 | Tax Planning Guide for a Salaried Professional | Ankur Warikoo
494,Top 5 Stock Investing Strategies | When to Buy or Sell? | Stock investing for beginners | Warikoo
495,"Earn 30LPA as a Software Engineer | Ankur Warikoo x Anshuman Singh, Scaler Academy"
496,Credit/CIBIL Score explained in Hindi | Applying for a loan? | Ankur Warikoo
497,My Smallcase Investing Strategy in 2021 | Investing for Beginners | Ankur Warikoo Hindi Video
498,How to raise funds for your startup | Ankur Warikoo | Startup funding in Hindi
499,How to make money in your 20s | Passive Income Ideas for 2021 | Ankur Warikoo Hindi Video
500,20 Online courses you must check TODAY! | Top Skills for 2021 | Ankur Warikoo Hindi Video
501,Should you buy US Stocks? | Investing Strategies 2021 | Ankur Warikoo Hindi
502,"PAISA kaise BUDGET, SAVE aur EARN Karein? | Ankur Warikoo | Money Management Tips | 50-30-20 Rule"
503,How to plan your career | Success Mantra | Ankur Warikoo Hindi Video
504,20 Books to read in your 20s | Ankur Warikoo Book Recommendations 2021 | Must read books for all
505,Complete Zerodha Kite Tutorial - stock investing| Ankur Warikoo Hindi
506,Startup terms you need to know in 2021 | Ankur Warikoo | Startups in Hindi | VC Lingo
507,How to listen to Audiobooks? - 3 Steps  | Ankur Warikoo | A beginner's guide
508,Should you Invest in Gold? | Investment Strategy 2021 for Beginners | Ankur Warikoo Hindi
509,Truths behind becoming a SUCCESSFUL Entrepreneur | Owning your Startup in India | Ankur Warikoo
510,What is Smallcase? | Ankur Warikoo | How to invest in smallcase | Step-by-step tutorial 2021
511,CREDIT CARDS use karne ka BEST TAREEKA! | Passive Income Tips | Ankur Warikoo Hindi Video
512,My MBA Experience | Ankur Warikoo | Should you go for an MBA? | Planning your career
513,How to Invest in Mutual Funds? | Investing Strategy for Beginners in 2021 | Ankur Warikoo Hindi
514,All that you SHOULD be doing in the current COVID situation | Ankur Warikoo Hindi | Home remedies!
515,Cryptocurrency and Bitcoin for Beginners | Ankur Warikoo ft. Coinswitch CEO | Best Cryptocurrency?
516,10 Productivity tips and tricks that work | Ankur Warikoo Hindi Video | How to be more productive
517,Best Personal Finance strategies for 2021 | How to manage your money | Ankur Warikoo Hindi
518,Harsh Truths about Relationships | Ankur Warikoo Hindi Video | All about relationships
519,How to become a better Reader! | How do I read my books? | Ankur Warikoo Book Recommendations
520,How to Invest in your 30s? | Stock Market Basics For Beginners in 2021 | Ankur Warikoo
521,Unboxing my YouTube silver play button! #shorts | Ankur Warikoo
522,Is an MBA important to start a business? | Management for entrepreneurs | Ankur Warikoo Hindi Video
523,My content creation strategy | How I make 60 posts in 1 week! | Ankur Warikoo Hindi
524,Earn more than Fixed Deposits | What are Corporate Bonds? | How to Invest in 2021 | Ankur Warikoo
525,My Investing Strategy for 2021 | Make money for Retirement! | Basics of Stock Market
526,5 books that are for EVERYONE | Book Recommendations 2021 in Hindi | Ankur Warikoo Hindi
527,Is post-graduation needed to be successful? | Ankur Warikoo Hindi Video | Should you go for an MBA?
528,Choosing a career | Advice for every 20 year old | #LearningMarathon2021
529,BEST Money Management tips for 2021 | Budget and track your money | Ankur Warikoo Hindi
530,10 success Habits that WILL change your LIFE! | Ankur Warikoo Hindi Video | Must Watch for All
531,Truths about Startup funding - everything you need to know | Ankur Warikoo Hindi Video
532,Stock Analysis For beginners | Share Market Investing explained! | Ankur Warikoo Hindi Video
533,Make money on YouTube in 2021 | Passive Income Ideas | Ankur Warikoo Hindi
534,How to deal with toxic people at work | Ankur Warikoo Hindi Video | Surviving office politics
535,Brokerage and Tax on Stocks | Investing for Beginners | Ankur Warikoo
536,How to earn by teaching online | Ankur Warikoo Hindi Video | Make money online
537,Time management tips for students and working professionals! | Ankur Warikoo Hindi Video
538,Mutual Funds for Beginners 2021 | How to Invest in Mutual Funds? | Ankur Warikoo
539,One of the MOST important things for a Startup Founder | Ankur Warikoo | Startups in Hindi
540,5 reasons to do an MBA in 2021 | Answering your questions | Ankur Warikoo Hindi
541,THESE Mistakes cost me Money! | Money Management tips 2021 | Ankur Warikoo Hindi
542,What are the startup ideas of the future | Covid Proof Businesses | Startup ideas for 2021
543,How to earn money online in 2021? Top 10 Passive Income tips for students | Ankur Warikoo Hindi
544,5 ways to make money while you sleep | Advice for every 20 year old | Ankur Warikoo Hindi
545,3 unusual books for Leaders | Ankur Warikoo Hindi video |  Book Recommendations
546,3 tips to get an Internship in 2021 | Ankur Warikoo Hindi Video | Off-Campus Internships Strategy
547,Basics of Stock Market | Investing vs Trading  | Investment strategy 2021 | Ankur Warikoo Hindi
548,Getting a job at your dream startup! | Ankur Warikoo Hindi Video | 5 MUST KNOW Tips
549,Resume Tips for Jobs and Internships | Career Advice Hindi Video | Ankur Warikoo
550,Should You BUY a new car? | Leasing or Renting a Car | COMPARE COSTS! | Ankur Warikoo Hindi
551,Raising funds in a startup EXPLAINED | Ankur Warikoo Startups | Business Hindi video
552,Online Degrees in India in 2021 | Ankur Warikoo Hindi Video | Internet courses explained!
553,What is the reality of Bitcoin? | Best Cryptocurrency? | Investing for Beginners | Ankur Warikoo
554,Billion dollar startups in India | My favourite Indian Startups in Hindi | Ankur Warikoo
555,What job is right for you? | Find work you love | Ankur Warikoo Hindi video
556,AAPKE 20s ke liye COMPLETE FINANCIAL PLANNING! | Investing for Beginners 2021 | Ankur Warikoo Hindi
557,5 tips to crack Job Interviews | Ankur Warikoo Hindi Video | Online Interview tips 2021
558,Why being Laid off from Work or Studying can be a bliss | Ultimate Career Advice | Ankur Warikoo
559,What is the difference between CTC and Net Salary and Gross Salary? | Ankur Warikoo Hindi Video
560,ESOP - Employee Stock Option Plan EXPLAINED in Hindi | Ankur Warikoo Startups | Startup Video
561,Best books I've read | Book Recommendation in Hindi | Ankur Warikoo books
562,How to Buy and Choose a Life Insurance? | Insurance explained in Hindi | Ankur Warikoo
563,Ghar BUY ya RENT karein? | Financial Advice for every 20 year old | Ankur Warikoo Hindi
564,Setting Smart Goals and building Good Habits! | Ankur Warikoo Hindi | New Year Resolution 2021
565,Startup or Corporate? | Which one is right for you? | Ankur Warikoo Startups | Hindi
566,Stock Market for Beginners | Investing Strategies 2021 | Ankur Warikoo Hindi
567,How to test your startup idea? | Business Ideas for 2021 | Ankur Warikoo Hindi
568,Difference between good company and bad company | Choosing the right friends | Ankur Warikoo
569,THE BIGGEST Investing mistake you must avoid | Why people LOSE money! | Ankur Warikoo Hindi
570,How to start a successful Business | Covid Proof Businesses | Ankur Warikoo Hindi | Startup ideas!
571,The art of asking | Ankur Warikoo हिन्दी वीडियो | Professional growth
572,Stock Market for Beginners | Investing in the Share Market | Ankur Warikoo Hindi
573,Top 5 learnings from Rework by Jason Fried | Rework Summary in Hindi | Ankur Warikoo Books
574,If You Feel You Are Letting your Parents Down - WATCH THIS | Ankur Warikoo Hindi videos
575,My Investing strategy | How do millionaires invest? | Ankur Warikoo Hindi
576,Becoming a SUCCESSFUL Entrepreneur | How to start-up your business 2021 | Ankur Warikoo
577,How to convince your parents | 3 आसान tips | Ankur Warikoo Hindi videos
578,TAX on Stock Market and Investing  | Stock Market for Beginners | Basics of Stock Market
579,First Job tips for Beginners | Ankur Warikoo | Jobs advice in Hindi
580,How to let go | Dealing with guilt | Ankur Warikoo hindi videos
581,Should you take an education loan? | Education Loans in India 2021 | Ankur Warikoo Hindi Video
582,How to get promoted at work | Asking for a promotion in your job | Ankur Warikoo Hindi
583,How to handle pressure | train yourself | Ankur Warikoo
584,Jack of all trades master of none | Specialist or generalist? | Ankur Warikoo
585,Feeling stuck and want to jump start your career? | how to stay motivated | Ankur Warikoo
586,Tier 2 college now or tier 1 college later | Good things take time | Ankur Warikoo
587,DO NOT do THESE common job MISTAKES! | Interview Tips | Ankur Warikoo
588,Networking tips | Ankur Warikoo | approaching people for help
589,Get out of your comfort zone | how to grow | Ankur Warikoo
590,Internships/Jobs reaction video | Ankur Warikoo | Is it the same everywhere?
591,A 16-year old doesn't know what to do in life | Ankur Warikoo | Decision Making Process
592,Choose college or course? | Ankur Warikoo | Delhi University college vs branch
593,Public Speaking Skills | Boost your Confidence | Ankur Warikoo
594,Unhappy with your Job? Should you quit? | Ankur Warikoo Jobs | Jobs Advice in Hindi
595,Should I take a gap year? | Ankur Warikoo | Advice for every 20 year old
596,Finding Happiness in Life | Ankur Warikoo Hindi Video | Life Advice
597,Always ask WHY first | Ankur Warikoo motivation | Life Lessons | Career advice
598,3 money management tips | Best Personal Finance Strategies | Ankur Warikoo Hindi Video
599,How to stay motivated all the time | Ankur Warikoo | Stay inspired 24X7 | Motivational Video
600,How to choose a career | Ankur Warikoo | How to decide a job | Career Advice
601,How to negotiate salary | Ankur Warikoo | 4 steps to successful negotiation
602,How to ask good questions | Ankur Warikoo | Asking the right questions | life Skills
603,The most IMPORTANT advice to success | Ankur Warikoo motivation | Success motivation
604,How to deal with haters on Social Media | Ankur Warikoo | Don't feed the Trolls!
605,Common financial mistakes YOU HAVE TO AVOID | Ankur Warikoo | Money mistakes in 2021
606,Should you wait for the right business idea? | Ankur Warikoo | Entrepreneurship tips | Startup tips
607,How to choose a career? | Ankur Warikoo | Ultimate Career Advice
608,How to build a strong Company Culture | Ankur Warikoo | Fostering a culture of innovation
609,Reading habits of successful people | Ankur Warikoo Books | Motivational Video
610,20 books you NEED to read | Book recommendations for personal growth | Ankur Warikoo Hindi
611,How to manage your money like THE RICH | Ankur Warikoo
612,What if you were immortal? | Ankur Warikoo | Interview Questions and Answers | How to plan your life
613,POSITIVITY: The Power of Positive Thinking | Ankur Warikoo | How to be Happy | Optimism
614,Do this EVERY MORNING! | Habits of successful people | Ankur Warikoo
615,Choosing the right Job! | How to make the right decision | Ankur Warikoo Career Advice
616,Is comfort zone ruining your life? | Find your motivation | Ankur Warikoo Hindi Video
617,College entrepreneurship: My thoughts | Ankur Warikoo | Entrepreneurship Myths
618,How to ask for feedback | Ankur Warikoo | wari-Q Episode 27
619,FEAR OF FAILURE | Ankur Warikoo | Overcome the worst time of your life!​
620,"When you seek an advice, YOU KNOW the answer | Ankur Warikoo | An MBA now or later?"
621,Is there a lion in you? | Ankur Warikoo Hindi | Motivational Speech
622,People judged him- He shocked them with his talent | Ankur Warikoo | Never Give Up
623,What to do when you're HURT? | Ankur Warikoo Hindi Video | How to be Happy?
624,"How to be impactful in life | Ankur Warikoo | Life Lessons | Confidence, Opportunity, Capacity"
625,Building good and healthy habits | 3 IMPORTANT tips | Success Habits of millionaires!
626,Cold emails: How to write an email | Ankur Warikoo | 3 steps to writing the perfect cold email
627,Marketing strategy in COVID times | Ankur Warikoo | Managing through Crisis | Coronavirus
628,Best Advice for every 20 year old | Ankur Warikoo | Discover your passion
629,I LOVE meeting new people! | Ankur Warikoo ft. @ShyamR_levioliniste | This will make your day
630,Why I chose to come back from the US | Ankur Warikoo ft. @beerbiceps  @ranveerallahbadia
631,Networking tips | How to connect with the right people FOR YOU! | Ankur Warikoo
632,My Resume of Failures | Ankur Warikoo | CV of Failures | Motivational Video | wari-Q Episode 25
633,LIVE WITHOUT REGRETS | Ankur Warikoo | Personal Growth and Self Improvement | What if?
634,Logic vs Emotion | The Secret to Personal Growth | Ankur Warikoo
635,Ways to discover your passion | Ankur Warikoo | What do you want in life?
636,Own your life | Ankur Warikoo motivation | Live life on your own terms
637,Food IS NOT your only diet | Ankur Warikoo | Feed Your Brain!
638,LinkedIn Connections and Social Selling | Friday Night live with Ankur Warikoo | Networking tips
639,Important mistakes to AVOID in your 30s | Personal Growth | Ankur Warikoo motivation
640,Do good in silence | Doing the right thing even when NO ONE is watching | Ankur Warikoo
641,What to do after 12th? | Ankur Warikoo | Choosing the best career option | Career Advice
642,Live in the present not the past | Mirrors not photographs | Ankur Warikoo motivation
643,How to charge people for your work?  | Freelancing tips | Ankur Warikoo
644,Productivity hacks to make you MORE EFFICIENT | Ankur Warikoo time management tips
645,Gaining momentum for success? | Ankur Warikoo | Dealing with inferiority complex | Life lessons
646,20 mistakes to avoid in your 20s | Every 20 year old NEEDS to hear this! | Ankur Warikoo
647,Conflict Resolution: Managing disagreement with boss | Ankur Warikoo | Conflict management
648,Focusing on one thing at a time | Ankur Warikoo | Multitasking | Productivity | Goal setting
649,Perfecting work life balance | Ankur Warikoo | Managing work and physical health | Mental Health
650,My opinion on Period Leave in India | Ankur Warikoo | Fighting taboos
651,How you can choose your career path | Ankur Warikoo Career Advice | Valuable Tips
652,YOUR destiny is in YOUR hands! | Friday Night live with Ankur Warikoo Ep #4 | Life lessons
653,The best way to sharpen your brain | 3 important things to keep in mind | Ankur Warikoo motivation
654,Why I do what I do | Ankur Warikoo | My gratitude affirmations
655,Are you proactive or reactive? | Ankur Warikoo Hindi | Growth Mindset
656,How to fire someone the right way | Ankur Warikoo | Professionalism and ethics in the workplace
657,How to forgive someone who hurt you | Ankur Warikoo motivation | Been hurt?
658,Parenthood: Handling anxiety and uncertainty as a mother | Ankur Warikoo | Parenting tips | Hindi
659,What is this trying to tell me? | Life lessons / Friday Night Live with Ankur Warikoo Ep. #3
660,Time Management Tips for Students and Working Professionals! | Ankur Warikoo
661,Life is a game: Here is the cheat code! | Ankur Warikoo Hindi | Taking risks in life | Motivational
662,How much is your time worth? | Ankur Warikoo ft. @tanmaybhat | The value of your time
663,Things I'd tell to my 20-something self | Find out what you want to do in life | Ankur Warikoo
664,Book recommendations for 2021 | Ankur Warikoo x @beerbiceps | Top reads for you!
665,What adults can learn from kids | Ankur Warikoo | A poem about growing up | Motivational Video
666,My advice to college kids | Ankur Warikoo ft. @tanmaybhat
667,The time I discovered I was a Genie! | Friday Night Live with Warikoo | Episode-2 | Ankur Warikoo
668,Getting your dream job | Cold email techniques for 2021 | Ankur Warikoo
669,My relationship with Money | Ankur Warikoo ft. @tanmaybhat
670,The biggest tragedy in life | Ankur Warikoo | Hindi | Motivational Video
671,The reality of entrepreneurship ft. @tanmaybhat | Business Future of our country | Warikoo Videos
672,Why do we seek validation? | Ankur Warikoo | Hindi | The science behind showing off
673,DON'T GET COMFORTABLE | Ankur Warikoo w/ @tanmaybhat
674,Friday Night Live with Warikoo | Episode-1 | Ankur Warikoo | Awareness is Everything
675,Get people's attention in 5 EASY steps | Effective communication tips | Ankur Warikoo
676,Time Management Tips in Hindi | Ankur Warikoo on How to Manage Time | Get More Done!
677,How to convince your parents? | Ankur Warikoo | wari-Q Episode 18 | Convincing your family
678,Ankur Warikoo's Failure Resume | My CV of failures | Ankur Warikoo हिंदी वीडियो
679,Learn a skill in 3 steps in 2021 | Ankur Warikoo | Top skills to learn in 2021
680,Are you a RECENT graduate? | Ankur Warikoo Hindi Video | Coronavirus pandemic for Students
681,Navigating the first days of YOUR NEW JOB | Ankur Warikoo Career Advice | Make a GREAT impression!
682,Have you LOST the QUALITIES you once HAD? | Ankur Warikoo Hindi Video
683,How to Boost your Self Confidence? | Ankur Warikoo motivation | Do you feel inferior to others?
684,How to change people? | लोगों को कैसे बदलें? | Ankur Warikoo | Setting the right examples
685,What makes you Angry? | CONTROL your ANGER | Ankur Warikoo tips
686,How your job is ruining your relationships | Ankur Warikoo Hindi | Is your job ruining your life?
687,How to write cold emails | Steps to writing a perfect cold email | Ankur Warikoo
688,Ikigai in Hindi explained | Discover your passion! | Ankur Warikoo
689,Dealing with Office Politics | Important tips | Ankur Warikoo | Career Advice 101
690,"Focus on your strengths, not your weaknesses! | Hindi | Ankur Warikoo | Motivational Video"
691,How I deal with negative thoughts | Ankur Warikoo | Stop negative thoughts
692,Taking Risks in Life | Ankur Warikoo | Kya Zindagi mein risks leni chahiye? | Motivational Video
693,How to stay motivated | Break Bad Habits | Ankur Warikoo Motivation
694,Happiness का Japanese formula | Ikigai explained | Ankur Warikoo  हिन्दी वीडियो | Do what you love
695,Your network is your NET WORTH | Networking tips | Ankur Warikoo
696,How much do you know about the person you admire? | Ankur Warikoo | Overcome Jealousy
697,Starting a business in 2021 | Should you launch a Startup? | Ankur Warikoo
698,How to deal with problems in life | Ankur Warikoo Hindi | Motivational Speech | Solving Life Problem
699,WHY is this happening to ME? | wari-Q: Episode 07 | Ankur Warikoo
700,You are more CAPABLE than YOU THINK you are | Ankur Warikoo | Your only limit is YOU
701,Unhappy with your Job? Should you quit? - PART 2 | Ankur Warikoo Jobs | Jobs Advice in Hindi
702,Whose advice should I listen to? | किसकी सलाह सुनू ? | Ankur Warikoo | Life Lessons | Hindi
703,warikoo Weekly rewind #3- A compilation of all my weekly videos! | Ankur Warikoo | Hindi
704,Hate your Job but cannot quit? | Need that extra money? | Warikoo Motivation
705,Do you have an UNHEALTHY relationship with MONEY? | Ankur Warikoo | Don't let Money break you up!
706,warikoo Weekly Rewind #2 | Ankur Warikoo | Life Lessons | Motivational Videos in Hindi
707,Making a difficult choice | Ankur Warikoo | Are choices reversible?
708,The Importance of LISTENING | Ankur Warikoo motivation | Being a good listener
709,warikoo Weekly Rewind #1 | Ankur Warikoo | Hindi | Life Lessons
710,Asking someone to be your mentor | Ankur Warikoo | Career advice | Personal growth
711,Psychology of Happiness | Ankur Warikoo Hindi Video | How to be happy?
712,Productivity hacks - Work From Home edition | Ankur Warikoo on WFH | Career Advice
713,The ULTIMATE advice to your YOUNGER SELF! | Ankur Warikoo Hindi Video
714,Find a mentor | Career Advice for Personal Growth | Ankur Warikoo Motivation
715,RBI ka aadesh: Kya nahi deni hogi 3 mahine ki EMI? | Ankur Warikoo | Lockdown Updates | Hindi
716,Why you have a hard time trusting people | Ankur Warikoo | Hindi | Trust Issues
717,What leads change in your life? | Thoughts by Ankur Warikoo | Motivational Videos in English
718,आपके जीवन में कौन परिवर्तन लाता है? | Aap kiski wajah se badalte hain? | Hindi Motivational Videos
719,3 ways covid 19 impacted my learning | What it gave and took from us | Ankur Warikoo motivation
720,Who sets your Boundaries? What are your limits? | Thoughts by Ankur Warikoo | Motivational Video
721,PM Modi Speech: Kya hoga #CoronavirusLockdown mein?| समपूर्ण लॉकडाउन क्या है? 21 दिन में क्या होगा?
722,जनता कर्फ्यू का क्या असर हुआ | #SocialDistancing kya hai? | Corona virus Updates India 2020
723,Second wave of Coronavirus in India | What is Janta curfew? | Covid-19 Lockdown
724,How do you make choices in life? | #warikooWednesdays S03E24 | Ankur Warikoo | Decision Making
725,Is sacrificing yourself always the best thing to do? | #warikooWednesdays S03E23 | Ankur Warikoo
726,Business Marketing Ideas in 2021 | How to create Marketing Plans? | Ankur Warikoo with @tanmaybhat
727,Who is your biggest fan? | #warikooWednesdays S03E22 | Ankur Warikoo | Motivational Speech English
728,What is your definition of Success? |#warikooWednesdays S03E21 | Success and Failure | Ankur Warikoo
729,What are you chasing in life? | आप किस के पीछे भाग रहे हैं? | Hindi Motivational Video
730,What makes life worth living? | #warikooWednesdays S03E20 | Ankur Warikoo | The joy of living
731,The root cause of suffering | #warikooWednesdays S03E19 | Ankur Warikoo | Sadness and sorrow
732,Have you ever bought a lottery ticket? | Ankur Warikoo Hindi
733,The secret to being successful in life | Ankur Warikoo | Best Motivational Videos of 2020
734,"How do you react in life, when you lose? | Ankur Warikoo | Best Motivational Speakers 2020"
735,Be like water! | #warikooWednesdays S03E18 | Ankur Warikoo | When plans fail
736,"Am I a better person today, than I was yesterday? | Ankur Warikoo | Motivational Videos in English"
737,This quote by Rumi will change your life | Ankur Warikoo | Inspirational video in english 2020
738,The Value of Your Words | #warikooWednesdays S03E17 | Ankur Warikoo | Motivational speech in English
739,What should I do in life? | Ankur Warikoo | Best Motivational Speakers of India 2020
740,Do you deserve to be where you are?|#warikooWednesdays S03E16| Ankur Warikoo | Hard work and Success
741,It is very easy to come up with new ideas! | Ankur Warikoo | Entrepreneurs of India
742,Diversity in the workplace- and why it is necessary | #warikooWednesdays S03E15 | Ankur Warikoo
743,Has someone hurt you? | Ankur Warikoo | English Motivational Video 2020 | Life lessons
744,Who do we fall in love with? | Ankur Warikoo | Top Motivational Speakers of India 2020
745,When will you be happy? | Ankur Warikoo | Inspirational Videos in English 2020
746,Is it Even Possible to be happy? | #warikooWednesdays S03E14 | Ankur Warikoo | Pain and Happiness
747,How to create an impact? | Ankur Warikoo video | Growth Mindset
748,How hard can you work after getting that one chance? | Ankur Warikoo | Motivational Video in English
749,A Wise Man once said Nothing | #warikooWednesdays S03E13 | Ankur Warikoo | Motivational Video
750,What is the biggest mistake you can make at Work? | Ankur Warikoo | Best Motivational Videos 2020
751,Log Kya kahenge? | Ankur warikoo 2020 video | Life lessons
752,How I take decisions | #warikooWednesdays S03E12 | Ankur Warikoo | Decision making | English
753,Is this worth it? | #warikooWednesdays S03E11 | Ankur Warikoo | Motivational Speech in English
754,What is respect? | Ankur Warikoo Video | Motivational speech English
755,Prediction and Patterns | #warikooWednesdays S03E10 | Ankur Warikoo | Preparing for Change
756,One question to always ask yourself | Ankur Warikoo | Dealing with shock
757,Why are you always asking for permission? | Ankur Warikoo | Inspirational Videos of India
758,"Exit from one life means, entry in to another life! | Ankur Warikoo | Motivational Videos of 2020"
759,What is the purpose of a child? | #warikooWednesday S03E09 | Ankur Warikoo | Living in the moment
760,Who values you the most? | #warikooWednesdays S03E08 | Ankur Warikoo | Self Growth and Motivation
761,Ab pata chala kaisa lagta hai? | अब पता चला कैसा लगता है? |  AnkurWarikoo | Hindi Motivational Video
762,Will I regret not taking this decision later in life? | #warikooWednesdays S03E07 | Ankur Warikoo
763,"Embrace the change, Don't try to run away from it."
764,Regret is the end of your life.
765,The answer is always 'NO' if you don't ask the question!
766,Do you want to get inspired?
767,Did you grow up too fast? | #warikooWednesdays S03E06 | Ankur Warikoo | Living life passionately
768,More information does not mean better accuracy | #warikooWednesdays S03E05 | Ankur Warikoo | English
769,"Stop Regretting, Start Executing!"
770,How to find a good mentor in life?
771,You would never learn from someone who always agrees with you :)
772,Aren't we all kids after all?
773,To the kid in you: The truth is all that matters! | #warikooWednesdays S03E04 | Ankur Warikoo | Lies
774,We as humans tend to be jealous of others!
775,The thing about destiny | #warikooWednesday S03E03 | Ankur Warikoo | Motivational Video in English
776,That's your superpower!
777,Lessons on working out that my gym trainer imparted
778,What are you waiting for in life?
779,Start helping your own self! | #warikooWednesdays S03E02 | Ankur Warikoo | Depend on yourself
780,Life is a single player game. | #warikooWednesdays S03E01 | Ankur Warikoo | Achieving goals in life
781,What is the Purpose of Human Life? | Friday Nights with Warikoo: Closing Episode | Ankur Warikoo
782,Misleading Headlines
783,Why are we so obsessed with solving problems? | Friday Nights With Warikoo Ep 13 | Ankur Warikoo
784,What is the worst thing about you?
785,Inspiration
786,Type of a person
787,Why? | Friday Nights With Warikoo Episode 12 | Ankur Warikoo | Awareness is Everything
788,Happy or Peaceful?
789,Actions and its consequences
790,Do you feel let down by society? | Ankur Warikoo Motivation 2020 | Social Emotional Learning
791,What is it that we are trying to achieve? | Friday Nights with Warikoo Episode 11 | Ankur Warikoo
792,Failure to Success
793,I love asking questions!
794,"The best people, the worst times? | Friday Nights With Warikoo Episode 10 | Ankur Warikoo | English"
795,Firing friends is just as important as hiring them!
796,All of our entrepreneurs!
797,Do not let other people decide your self-worth!
798,Does progress make everyone happy? | Friday Nights with Warikoo Episode 9 | Ankur Warikoo
799,Road Not Taken
800,How to answer important life questions? | Ankur Warikoo | Life lessons
801,What makes us believe in things? | Friday Nights with Warikoo Episode 8 | Ankur Warikoo
802,Respect
803,Negotiation
804,Fear of Losing
805,Regret
806,What is true motivation? | Friday Nights with Warikoo Ep 7 | Ankur Warikoo | Doing the right thing
807,Trust
808,Purpose of your life?
809,Should you be chasing happiness?  | Ankur Warikoo | Friday Nights with Warikoo Episode 6
810,Do parents fail their kids? | Friday Nights with Warikoo Episode 5 | Ankur Warikoo | Life Lessons
811,What are we wishing for? | Friday Nights With Warikoo Ep 3 | Ankur Warikoo | Stories of Suffering
812,Can we do the right thing when no one is looking?
813,Show them a different identity instead of accusing them!
814,What is the purpose of religion? | Friday Nights with Warikoo Ep 2 | Ankur Warikoo | Life Questions
815,Hum zindagi bhar us ek cheez ka intazaar karte reh jaate hain!
816,"Do you often worry about time management? If yes, THIS IS what you need to know!"
817,This is WHY you need work-life balance - and why you shouldn't have to!
818,Who are we living for? | Friday Nights with Warikoo Episode 1 | Ankur Warikoo | Societal Pressure
819,What is your superpower? | Ankur Warikoo | How to be successful in life
820,2 pieces of advice about working out | Ankur Warikoo | Life Lessons
821,What is experience? | Ankur Warikoo Hindi | Life lessons
822,I made the same mistake.....!
823,Setting Smart Goals in Life! | Ankur Warikoo Hindi | Should you set Goals?
824,#warikooWednesdays Season 2 Finale | Thank you for all the love!
825,How to be successful in life? | #warikooWednesdays S02E24 | The value of Experience
826,Why do you ask Questions? | #warikooWednesdays S02E23 | The Power of Questions
827,"How do you respond to apologies? | #warikooWednesdays S02E22 | ""I'm sorry"" | Ankur Warikoo"
828,Feeling stuck in life? Watch this! | #warikooWednesdays S02E21 | Ankur Warikoo | Steps to success
829,Feeling lost? Even a map can't help you! | #warikooWednesdays S02E20 | Ankur Warikoo
830,Zindagi Kursiyon Ka Ek Khel Hai :) | Ankur Warikoo | Hindi | Life is a game of chairs!
831,A word that has no value! | #warikooWednesdays S02E19 | Ankur Warikoo | English
832,"Ask for advice, not for feedback! | #warikooWednesdays S02E18 | Ankur Warikoo | English"
833,The riddle of experiences vs memories | #warikooWednesdays S02E17 | Experiencing and Narrating
834,Is Motivation even your friend? | #warikooWednesdays S02E16 | Ankur Warikoo
835,The best way to change something about yourself | #warikooWednesdays S02E15 | Ankur Warikoo
836,What if you were immortal? | #warikooWednesdays S02E14 | Ankur Warikoo | Life Lessons
837,Excuses are not valid! | #warikooWednesdays S02E13 | Motivational Video | Ankur Warikoo
838,The value of zero | #warikooWednesdays S02E12 | Life Lessons | Ankur Warikoo
839,"If I am not the best, then who is? | #warikooWednesdays S02 E11 | Ankur Warikoo"
840,Experience is the best teacher | #warikooWednesdays S02E10 | Ankur Warikoo
841,Are you willing to take the risk? | #warikooWednesdays S02E09 | Behavioral Economics | Ankur Warikoo
842,Are you truly the person you think you are? | #warikooWednesdays S02E08 | Ankur Warikoo | English
843,How to set goals | #warikooWednesdays S02E07 | Goal setting and achievement | Ankur Warikoo
844,"My life is not going to be about goals, but about habits | #warikooWednesdays S02E06 | Ankur Warikoo"
845,Is first impression the last impression? | #warikooWednesdays S02E05 | Motivational Video
846,The difference between wanting and getting | #warikooWednesdays S02E04 | Ankur warikoo
847,Today is a gift | #warikooWednesdays S02E03 | Ankur Warikoo | Motivational Video in English
848,The source of all truth | #warikooWednesdays S02E02 | Ankur Warikoo | Life Lessons | English
849,How to MOTIVATE people! | Ankur Warikoo Motivation | How to Convince People?
850,A Bigger Version OR A Better Version?
851,Hardest thing in the world is.....
852,Have you allowed excuses.....
853,Don't leave Inspiration to CHANCE!
854,The best gift I have given to my own self
855,How do you think of your time & money?
856,The world does not care a FUCK!
857,The best tool to win every single time
858,What kills me everyday
859,Realisation from being an Entrepreneur for  over 10 years
860,Do You Have 5 Minutes For Your Ownself? #warikooQuotes
861,#warikooWednesdays Season 1 Finale | Ankur Warikoo
862,Who will YOU be? | #warikooWednesdays S01E24 | Series Finale | Ankur Warikoo | Motivational Video
863,FOCUS is the new IQ | #warikooWednesdays S01E23 | Ankur Warikoo | Motivational Video in English
864,"STOP saying ""I am like this only""! | #warikooWednesdays S01E22 | Ankur Warikoo | Life Lessons"
865,What's the value of your time? | #warikooWednesdays S01E21 | Ankur Warikoo | Life lessons
866,How to be happy in life? | Ankur Warikoo Hindi Video | Khush kaise rahe?
867,"Do the right thing, even when NO ONE is looking | #warikooWednesday S01E19 | Motivational Video"
868,The worst way to teach someone a lesson | #warikooWednesdays S01E18 | Ankur Warikoo | Motivational
869,Surround youself with the right people | Personal growth | Ankur Warikoo career advice
870,Success DOES NOT happen overnight | Ankur Warikoo | Career motivation
871,"One Task, One Goal | #warikooWednesdays S01E15 | Ankur Warikoo | Motivational Speech in English"
872,"Everything has its flaws, but... | #warikooWednesdays S01E14 | Ankur Warikoo | Motivational Video"
873,The world's reaction to your problems | #warikoowednesdays S01E13 | Ankur Warikoo | Life Lessons
874,Your key to SUCCESS is Self Awareness | Know Yourself | Ankur Warikoo
875,Don't leave Inspiration to Chance | #warikoowednesdays S01E11 | Ankur Warikoo | Motivational Video
876,Focus on the OUTCOME not the OUTPUT | Life lessons to remember | Ankur Warikoo motivation
877,"The One Question Every Entrepreneur Should Ask, Before they Startup | #warikooWednesdays S01E10"
878,Your Secret to becoming BETTER! | Ankur Warikoo | Success Motivation to improve your Life
879,How to take tough decisions in life | Decision making skills | Ankur Warikoo Motivational Video
880,GIVE UP if you are NOT HAPPY | Ankur Warikoo | Career and Life advice
881,Getting comfortable with being uncomfortable | Ankur Warikoo motivation | Don't get comfortable!
882,What is success? | Ankur Warikoo motivation | Redefine Success
883,Choosing the right company for job! | Ankur Warikoo Jobs | Career Advice | Is it your FIRST JOB?
884,Is the power of imagination causing you harm? | Ankur Warikoo
885,"If You Don't Ask, The Answer Is ALWAYS, NO! | Ankur Warikoo motivation"
